num,polygon
3,"[[0.0, 0.0], [20.1528571882, 2.9698947435], [32.7749098482, 49.5336016153], [12.62205266, 46.5637068717]]"
2,"[[10.1294624288, -17.5447435801], [20.2589248576, 0.0], [10.1294624288, 17.5447435801], [-10.1294624288, 17.5447435801], [-20.2589248576, 0.0], [-10.1294624288, -17.5447435801]]"
