num,polygon
2,"[[0.0, 0.0], [20.1528571882, 2.9698947435], [32.7749098482, 49.5336016153], [12.62205266, 46.5637068717]]"
