num,polygon
2,"[[10.1294624288, -17.5447435801], [20.2589248576, 0.0], [10.1294624288, 17.5447435801], [-10.1294624288, 17.5447435801], [-20.2589248576, 0.0], [-10.1294624288, -17.5447435801]]"
