num,polygon
2,"[[0.0, 0.0], [20.1528571882, 2.9698947435], [32.7749098482, 49.5336016153], [12.62205266, 46.5637068717]]"
1,"[[0.0, 49.9578722929], [0.0, 0.0], [72.656353547, 0.0], [72.656353547, 49.9578722929], [50.136589051, 49.9578722929], [32.5627745094, 21.9560075682], [17.0768947753, 49.9578722929]]"
2,"[[10.1294624288, -17.5447435801], [20.2589248576, 0.0], [10.1294624288, 17.5447435801], [-10.1294624288, 17.5447435801], [-20.2589248576, 0.0], [-10.1294624288, -17.5447435801]]"
