num,polygon
7,"[[0.0, 49.9578722929], [0.0, 0.0], [72.656353547, 0.0], [72.656353547, 49.9578722929], [50.136589051, 49.9578722929], [32.5627745094, 21.9560075682], [17.0768947753, 49.9578722929]]"
